,Links
0,https://www.builtinnyc.com/jobs/product
1,/salaries/design-ux/product-designer
2,/salaries/product/product-manager
3,https://www.builtinnyc.com/job/product/senior-product-manager/185989
4,https://www.builtinnyc.com/job/product/product-manager/185988
5,https://www.builtinnyc.com/job/product/senior-product-manager-entity-screening/229842
6,https://www.builtinnyc.com/job/product/product-manager-identity-experience/229840
7,https://www.builtinnyc.com/job/product/senior-manager-product-operations/225942
8,https://www.builtinnyc.com/job/product/sr-manager-product-manager-consumer-data/233201
9,https://www.builtinnyc.com/job/product/senior-product-manager/223290
10,https://www.builtinnyc.com/job/product/senior-manager-product-manager-enterprise-payments/218955
11,https://www.builtinnyc.com/job/product/group-product-manager-health-platform/226700
12,https://www.builtinnyc.com/job/product/product-manager-identity-experience/229995
13,https://www.builtinnyc.com/job/product/senior-product-manager-personalization-products/229819
14,https://www.builtinnyc.com/job/product/product-manager/229887
15,https://www.builtinnyc.com/job/product/senior-manager-product-manager-enterprise-platforms/233265
16,https://www.builtinnyc.com/jobs/product?search=product%20manager
17,https://www.builtinnyc.com/jobs/product?search=product%20manager&page=2
18,https://www.builtinnyc.com/jobs/product?search=product%20manager&page=3
19,https://www.builtinnyc.com/jobs/product?search=product%20manager&page=4
20,https://www.builtinnyc.com/jobs/product?search=product%20manager&page=5
21,https://www.builtinnyc.com/jobs/product?search=product%20manager&page=28
22,https://www.builtinnyc.com/jobs/product?search=product%20manager&page=2
23,https://www.builtinnyc.com/jobs/product
24,/salaries/design-ux/product-designer
25,/salaries/product/product-manager
26,https://www.builtinnyc.com/job/product/senior-product-manager/185989
27,https://www.builtinnyc.com/job/product/product-manager/185988
28,https://www.builtinnyc.com/job/product/senior-product-manager-entity-screening/229842
29,https://www.builtinnyc.com/job/product/product-manager-identity-experience/229840
30,https://www.builtinnyc.com/job/product/senior-manager-product-operations/225942
31,https://www.builtinnyc.com/job/product/sr-manager-product-manager-consumer-data/233201
32,https://www.builtinnyc.com/job/product/senior-product-manager/223290
33,https://www.builtinnyc.com/job/product/senior-manager-product-manager-enterprise-payments/218955
34,https://www.builtinnyc.com/job/product/group-product-manager-health-platform/226700
35,https://www.builtinnyc.com/job/product/product-manager-identity-experience/229995
36,https://www.builtinnyc.com/job/product/senior-product-manager-personalization-products/229819
37,https://www.builtinnyc.com/job/product/product-manager/229887
38,https://www.builtinnyc.com/job/product/senior-manager-product-manager-enterprise-platforms/233265
39,https://www.builtinnyc.com/jobs/product?search=product%20manager
40,https://www.builtinnyc.com/jobs/product?search=product%20manager&page=2
41,https://www.builtinnyc.com/jobs/product?search=product%20manager&page=3
42,https://www.builtinnyc.com/jobs/product?search=product%20manager&page=4
43,https://www.builtinnyc.com/jobs/product?search=product%20manager&page=5
44,https://www.builtinnyc.com/jobs/product?search=product%20manager&page=28
45,https://www.builtinnyc.com/jobs/product?search=product%20manager&page=2
46,https://www.builtinnyc.com/jobs/product
47,/salaries/design-ux/product-designer
48,/salaries/product/product-manager
49,https://www.builtinnyc.com/job/product/senior-product-manager/185989
50,https://www.builtinnyc.com/job/product/product-manager/185988
51,https://www.builtinnyc.com/job/product/senior-product-manager-entity-screening/229842
52,https://www.builtinnyc.com/job/product/product-manager-identity-experience/229840
53,https://www.builtinnyc.com/job/product/senior-manager-product-operations/225942
54,https://www.builtinnyc.com/job/product/sr-manager-product-manager-consumer-data/233201
55,https://www.builtinnyc.com/job/product/senior-product-manager/223290
56,https://www.builtinnyc.com/job/product/senior-manager-product-manager-enterprise-payments/218955
57,https://www.builtinnyc.com/job/product/group-product-manager-health-platform/226700
58,https://www.builtinnyc.com/job/product/product-manager-identity-experience/229995
59,https://www.builtinnyc.com/job/product/senior-product-manager-personalization-products/229819
60,https://www.builtinnyc.com/job/product/product-manager/229887
61,https://www.builtinnyc.com/job/product/senior-manager-product-manager-enterprise-platforms/233265
62,https://www.builtinnyc.com/jobs/product?search=product%20manager
63,https://www.builtinnyc.com/jobs/product?search=product%20manager&page=2
64,https://www.builtinnyc.com/jobs/product?search=product%20manager&page=3
65,https://www.builtinnyc.com/jobs/product?search=product%20manager&page=4
66,https://www.builtinnyc.com/jobs/product?search=product%20manager&page=5
67,https://www.builtinnyc.com/jobs/product?search=product%20manager&page=28
68,https://www.builtinnyc.com/jobs/product?search=product%20manager&page=2
69,https://www.builtinnyc.com/jobs/product
70,/salaries/design-ux/product-designer
71,/salaries/product/product-manager
72,https://www.builtinnyc.com/job/product/senior-product-manager/185989
73,https://www.builtinnyc.com/job/product/product-manager/185988
74,https://www.builtinnyc.com/job/product/senior-product-manager-entity-screening/229842
75,https://www.builtinnyc.com/job/product/product-manager-identity-experience/229840
76,https://www.builtinnyc.com/job/product/senior-manager-product-operations/225942
77,https://www.builtinnyc.com/job/product/sr-manager-product-manager-consumer-data/233201
78,https://www.builtinnyc.com/job/product/senior-product-manager/223290
79,https://www.builtinnyc.com/job/product/senior-manager-product-manager-enterprise-payments/218955
80,https://www.builtinnyc.com/job/product/group-product-manager-health-platform/226700
81,https://www.builtinnyc.com/job/product/product-manager-identity-experience/229995
82,https://www.builtinnyc.com/job/product/senior-product-manager-personalization-products/229819
83,https://www.builtinnyc.com/job/product/product-manager/229887
84,https://www.builtinnyc.com/job/product/senior-manager-product-manager-enterprise-platforms/233265
85,https://www.builtinnyc.com/jobs/product?search=product%20manager
86,https://www.builtinnyc.com/jobs/product?search=product%20manager&page=2
87,https://www.builtinnyc.com/jobs/product?search=product%20manager&page=3
88,https://www.builtinnyc.com/jobs/product?search=product%20manager&page=4
89,https://www.builtinnyc.com/jobs/product?search=product%20manager&page=5
90,https://www.builtinnyc.com/jobs/product?search=product%20manager&page=28
91,https://www.builtinnyc.com/jobs/product?search=product%20manager&page=2
92,https://www.builtinnyc.com/jobs/product
93,/salaries/design-ux/product-designer
94,/salaries/product/product-manager
95,https://www.builtinnyc.com/job/product/senior-product-manager/185989
96,https://www.builtinnyc.com/job/product/product-manager/185988
97,https://www.builtinnyc.com/job/product/senior-product-manager-entity-screening/229842
98,https://www.builtinnyc.com/job/product/product-manager-identity-experience/229840
99,https://www.builtinnyc.com/job/product/senior-manager-product-operations/225942
100,https://www.builtinnyc.com/job/product/sr-manager-product-manager-consumer-data/233201
101,https://www.builtinnyc.com/job/product/senior-product-manager/223290
102,https://www.builtinnyc.com/job/product/senior-manager-product-manager-enterprise-payments/218955
103,https://www.builtinnyc.com/job/product/group-product-manager-health-platform/226700
104,https://www.builtinnyc.com/job/product/product-manager-identity-experience/229995
105,https://www.builtinnyc.com/job/product/senior-product-manager-personalization-products/229819
106,https://www.builtinnyc.com/job/product/product-manager/229887
107,https://www.builtinnyc.com/job/product/senior-manager-product-manager-enterprise-platforms/233265
108,https://www.builtinnyc.com/jobs/product?search=product%20manager
109,https://www.builtinnyc.com/jobs/product?search=product%20manager&page=2
110,https://www.builtinnyc.com/jobs/product?search=product%20manager&page=3
111,https://www.builtinnyc.com/jobs/product?search=product%20manager&page=4
112,https://www.builtinnyc.com/jobs/product?search=product%20manager&page=5
113,https://www.builtinnyc.com/jobs/product?search=product%20manager&page=28
114,https://www.builtinnyc.com/jobs/product?search=product%20manager&page=2
